csv,EER (w/o A14),EER (overall),A09,A10,A11,A12,A13,KiSing,M4Singer,ACESinger (A14)
B01.csv,0.12025471979242638,0.1610088617540132,0.05849339151493642,0.03161681850437839,0.06286542525525934,0.31476329242731915,0.03990062129315243,0.2352884556587044,0.12373150630523284,0.50298769771529
B02.csv,0.11160410495397521,0.1357769197017683,0.07496894415411014,0.010769232124881756,0.041971331574116345,0.2934389072632214,0.010308967433009956,0.1264740420481903,0.11689008042895442,0.4977152899824253
